<?xml version="1.0" encoding="UTF-8"?>
<beans xmlns="http://www.springframework.org/schema/beans"
xmlns:xsi="http://www.w3.org/2001/XMLSchema-instance"
xsi:schemaLocation="http://www.springframework.org/schema/beans
http://www.springframework.org/schema/beans/spring-beans-2.5.xsd">

<bean id="studbean" class="StudentComponent" 
    abstract="false" lazy-init="default" autowire="default"
    dependency-check="default">
    <property name="sname">
    <value>mazeed</value></property>
     <property name="fname">
     <value>Raheem</value>
     </property>
  <property name="city">
  <value>Hyderabad</value>
  </property>
</bean>
</beans>